Day,Date,Time,Height,Tide State
Wednesday,01-01-2020,03:33,2.39,Low Water
Wednesday,01-01-2020,10:04,8.21,High Water
Wednesday,01-01-2020,16:03,2.43,Low Water
Wednesday,01-01-2020,22:18,7.76,High Water
Thursday,02-01-2020,04:12,2.75,Low Water
Thursday,02-01-2020,10:46,7.84,High Water
Thursday,02-01-2020,16:48,2.76,Low Water
Thursday,02-01-2020,23:03,7.42,High Water
Friday,03-01-2020,05:01,3.09,Low Water
Friday,03-01-2020,11:36,7.53,High Water
Friday,03-01-2020,17:42,3.05,Low Water
Friday,03-01-2020,23:56,7.16,High Water
Saturday,04-01-2020,06:08,3.33,Low Water
Saturday,04-01-2020,12:35,7.33,High Water
Saturday,04-01-2020,18:48,3.19,Low Water
Sunday,05-01-2020,01:03,7.07,High Water
Sunday,05-01-2020,07:24,3.35,Low Water
Sunday,05-01-2020,13:45,7.34,High Water
Sunday,05-01-2020,19:58,3.1,Low Water
Monday,06-01-2020,02:19,7.26,High Water
Monday,06-01-2020,08:33,3.11,Low Water
Monday,06-01-2020,14:54,7.59,High Water
Monday,06-01-2020,21:02,2.81,Low Water
Tuesday,07-01-2020,03:25,7.67,High Water
Tuesday,07-01-2020,09:31,2.73,Low Water
Tuesday,07-01-2020,15:52,7.99,High Water
Tuesday,07-01-2020,21:56,2.41,Low Water
Wednesday,08-01-2020,04:18,8.17,High Water
Wednesday,08-01-2020,10:21,2.29,Low Water
Wednesday,08-01-2020,16:42,8.42,High Water
Wednesday,08-01-2020,22:45,2,Low Water
Thursday,09-01-2020,05:03,8.65,High Water
Thursday,09-01-2020,11:07,1.89,Low Water
Thursday,09-01-2020,17:28,8.8,High Water
Thursday,09-01-2020,23:30,1.64,Low Water
Friday,10-01-2020,05:47,9.05,High Water
Friday,10-01-2020,11:52,1.55,Low Water
Friday,10-01-2020,18:12,9.11,High Water
Saturday,11-01-2020,00:14,1.36,Low Water
Saturday,11-01-2020,06:30,9.35,High Water
Saturday,11-01-2020,12:36,1.3,Low Water
Saturday,11-01-2020,18:56,9.32,High Water
Sunday,12-01-2020,00:57,1.17,Low Water
Sunday,12-01-2020,07:12,9.54,High Water
Sunday,12-01-2020,13:21,1.13,Low Water
Sunday,12-01-2020,19:40,9.43,High Water
Monday,13-01-2020,01:41,1.08,Low Water
Monday,13-01-2020,07:57,9.62,High Water
Monday,13-01-2020,14:06,1.07,Low Water
Monday,13-01-2020,20:25,9.41,High Water
Tuesday,14-01-2020,02:24,1.11,Low Water
Tuesday,14-01-2020,08:42,9.57,High Water
Tuesday,14-01-2020,14:51,1.13,Low Water
Tuesday,14-01-2020,21:10,9.27,High Water
Wednesday,15-01-2020,03:09,1.26,Low Water
Wednesday,15-01-2020,09:30,9.39,High Water
Wednesday,15-01-2020,15:39,1.32,Low Water
Wednesday,15-01-2020,21:57,9.01,High Water
Thursday,16-01-2020,03:56,1.53,Low Water
Thursday,16-01-2020,10:19,9.09,High Water
Thursday,16-01-2020,16:28,1.64,Low Water
Thursday,16-01-2020,22:48,8.64,High Water
Friday,17-01-2020,04:48,1.91,Low Water
Friday,17-01-2020,11:12,8.7,High Water
Friday,17-01-2020,17:23,2.05,Low Water
Friday,17-01-2020,23:43,8.21,High Water
Saturday,18-01-2020,05:48,2.31,Low Water
Saturday,18-01-2020,12:11,8.28,High Water
Saturday,18-01-2020,18:26,2.44,Low Water
Sunday,19-01-2020,00:46,7.86,High Water
Sunday,19-01-2020,06:58,2.62,Low Water
Sunday,19-01-2020,13:18,7.97,High Water
Sunday,19-01-2020,19:39,2.67,Low Water
Monday,20-01-2020,02:00,7.72,High Water
Monday,20-01-2020,08:13,2.68,Low Water
Monday,20-01-2020,14:31,7.89,High Water
Monday,20-01-2020,20:57,2.63,Low Water
Tuesday,21-01-2020,03:15,7.9,High Water
Tuesday,21-01-2020,09:26,2.48,Low Water
Tuesday,21-01-2020,15:43,8.07,High Water
Tuesday,21-01-2020,22:05,2.34,Low Water
Wednesday,22-01-2020,04:20,8.29,High Water
Wednesday,22-01-2020,10:28,2.13,Low Water
Wednesday,22-01-2020,16:45,8.39,High Water
Wednesday,22-01-2020,23:00,1.98,Low Water
Thursday,23-01-2020,05:12,8.69,High Water
Thursday,23-01-2020,11:19,1.78,Low Water
Thursday,23-01-2020,17:35,8.68,High Water
Thursday,23-01-2020,23:46,1.67,Low Water
Friday,24-01-2020,05:57,9.01,High Water
Friday,24-01-2020,12:03,1.51,Low Water
Friday,24-01-2020,18:18,8.89,High Water
Saturday,25-01-2020,00:25,1.45,Low Water
Saturday,25-01-2020,06:37,9.21,High Water
Saturday,25-01-2020,12:42,1.34,Low Water
Saturday,25-01-2020,18:57,8.99,High Water
Sunday,26-01-2020,01:00,1.34,Low Water
Sunday,26-01-2020,07:15,9.28,High Water
Sunday,26-01-2020,13:19,1.28,Low Water
Sunday,26-01-2020,19:33,8.99,High Water
Monday,27-01-2020,01:34,1.34,Low Water
Monday,27-01-2020,07:52,9.24,High Water
Monday,27-01-2020,13:54,1.32,Low Water
Monday,27-01-2020,20:08,8.9,High Water
Tuesday,28-01-2020,02:07,1.43,Low Water
Tuesday,28-01-2020,08:27,9.09,High Water
Tuesday,28-01-2020,14:27,1.45,Low Water
Tuesday,28-01-2020,20:40,8.73,High Water
Wednesday,29-01-2020,02:37,1.62,Low Water
Wednesday,29-01-2020,09:00,8.86,High Water
Wednesday,29-01-2020,14:57,1.67,Low Water
Wednesday,29-01-2020,21:12,8.5,High Water
Thursday,30-01-2020,03:05,1.88,Low Water
Thursday,30-01-2020,09:32,8.56,High Water
Thursday,30-01-2020,15:26,1.94,Low Water
Thursday,30-01-2020,21:43,8.22,High Water
Friday,31-01-2020,03:31,2.19,Low Water
Friday,31-01-2020,10:04,8.21,High Water
Friday,31-01-2020,15:57,2.27,Low Water
Friday,31-01-2020,22:18,7.88,High Water
Saturday,01-02-2020,04:04,2.55,Low Water
Saturday,01-02-2020,10:42,7.83,High Water
Saturday,01-02-2020,16:36,2.65,Low Water
Saturday,01-02-2020,22:58,7.52,High Water
Sunday,02-02-2020,04:48,2.95,Low Water
Sunday,02-02-2020,11:30,7.46,High Water
Sunday,02-02-2020,17:28,3.03,Low Water
Sunday,02-02-2020,23:51,7.19,High Water
Monday,03-02-2020,05:54,3.3,Low Water
Monday,03-02-2020,12:31,7.19,High Water
Monday,03-02-2020,18:44,3.28,Low Water
Tuesday,04-02-2020,01:02,7.02,High Water
Tuesday,04-02-2020,07:26,3.38,Low Water
Tuesday,04-02-2020,13:48,7.17,High Water
Tuesday,04-02-2020,20:09,3.18,Low Water
Wednesday,05-02-2020,02:26,7.21,High Water
Wednesday,05-02-2020,08:49,3.06,Low Water
Wednesday,05-02-2020,15:09,7.51,High Water
Wednesday,05-02-2020,21:21,2.76,Low Water
Thursday,06-02-2020,03:42,7.74,High Water
Thursday,06-02-2020,09:53,2.52,Low Water
Thursday,06-02-2020,16:13,8.06,High Water
Thursday,06-02-2020,22:19,2.2,Low Water
Friday,07-02-2020,04:39,8.39,High Water
Friday,07-02-2020,10:47,1.93,Low Water
Friday,07-02-2020,17:06,8.64,High Water
Friday,07-02-2020,23:10,1.65,Low Water
Saturday,08-02-2020,05:27,8.98,High Water
Saturday,08-02-2020,11:36,1.4,Low Water
Saturday,08-02-2020,17:54,9.14,High Water
Saturday,08-02-2020,23:59,1.17,Low Water
Sunday,09-02-2020,06:14,9.47,High Water
Sunday,09-02-2020,12:24,0.97,Low Water
Sunday,09-02-2020,18:41,9.52,High Water
Monday,10-02-2020,00:45,0.81,Low Water
Monday,10-02-2020,07:00,9.83,High Water
Monday,10-02-2020,13:11,0.66,Low Water
Monday,10-02-2020,19:27,9.77,High Water
Tuesday,11-02-2020,01:30,0.58,Low Water
Tuesday,11-02-2020,07:45,10.04,High Water
Tuesday,11-02-2020,13:57,0.51,Low Water
Tuesday,11-02-2020,20:11,9.87,High Water
Wednesday,12-02-2020,02:14,0.5,Low Water
Wednesday,12-02-2020,08:30,10.08,High Water
Wednesday,12-02-2020,14:40,0.53,Low Water
Wednesday,12-02-2020,20:54,9.8,High Water
Thursday,13-02-2020,02:55,0.62,Low Water
Thursday,13-02-2020,09:14,9.91,High Water
Thursday,13-02-2020,15:21,0.76,Low Water
Thursday,13-02-2020,21:38,9.52,High Water
Friday,14-02-2020,03:37,0.94,Low Water
Friday,14-02-2020,09:58,9.53,High Water
Friday,14-02-2020,16:03,1.2,Low Water
Friday,14-02-2020,22:21,9.04,High Water
Saturday,15-02-2020,04:21,1.45,Low Water
Saturday,15-02-2020,10:45,8.95,High Water
Saturday,15-02-2020,16:48,1.81,Low Water
Saturday,15-02-2020,23:09,8.41,High Water
Sunday,16-02-2020,05:11,2.08,Low Water
Sunday,16-02-2020,11:36,8.26,High Water
Sunday,16-02-2020,17:43,2.48,Low Water
Monday,17-02-2020,00:06,7.76,High Water
Monday,17-02-2020,06:16,2.71,Low Water
Monday,17-02-2020,12:40,7.61,High Water
Monday,17-02-2020,18:57,3.02,Low Water
Tuesday,18-02-2020,01:21,7.31,High Water
Tuesday,18-02-2020,07:39,3.05,Low Water
Tuesday,18-02-2020,14:00,7.28,High Water
Tuesday,18-02-2020,20:29,3.15,Low Water
Wednesday,19-02-2020,02:50,7.33,High Water
Wednesday,19-02-2020,09:09,2.92,Low Water
Wednesday,19-02-2020,15:27,7.44,High Water
Wednesday,19-02-2020,21:53,2.8,Low Water
Thursday,20-02-2020,04:06,7.78,High Water
Thursday,20-02-2020,10:20,2.46,Low Water
Thursday,20-02-2020,16:34,7.89,High Water
Thursday,20-02-2020,22:51,2.28,Low Water
Friday,21-02-2020,05:00,8.33,High Water
Friday,21-02-2020,11:11,1.96,Low Water
Friday,21-02-2020,17:24,8.36,High Water
Friday,21-02-2020,23:34,1.8,Low Water
Saturday,22-02-2020,05:43,8.8,High Water
Saturday,22-02-2020,11:51,1.54,Low Water
Saturday,22-02-2020,18:03,8.72,High Water
Sunday,23-02-2020,00:09,1.44,Low Water
Sunday,23-02-2020,06:21,9.11,High Water
Sunday,23-02-2020,12:27,1.26,Low Water
Sunday,23-02-2020,18:39,8.95,High Water
Monday,24-02-2020,00:42,1.22,Low Water
Monday,24-02-2020,06:57,9.28,High Water
Monday,24-02-2020,13:00,1.11,Low Water
Monday,24-02-2020,19:12,9.05,High Water
Tuesday,25-02-2020,01:14,1.12,Low Water
Tuesday,25-02-2020,07:31,9.31,High Water
Tuesday,25-02-2020,13:32,1.09,Low Water
Tuesday,25-02-2020,19:44,9.06,High Water
Wednesday,26-02-2020,01:45,1.16,Low Water
Wednesday,26-02-2020,08:03,9.22,High Water
Wednesday,26-02-2020,14:02,1.18,Low Water
Wednesday,26-02-2020,20:14,8.97,High Water
Thursday,27-02-2020,02:12,1.31,Low Water
Thursday,27-02-2020,08:33,9.04,High Water
Thursday,27-02-2020,14:27,1.36,Low Water
Thursday,27-02-2020,20:42,8.8,High Water
Friday,28-02-2020,02:35,1.53,Low Water
Friday,28-02-2020,09:00,8.79,High Water
Friday,28-02-2020,14:50,1.6,Low Water
Friday,28-02-2020,21:10,8.56,High Water
Saturday,29-02-2020,02:57,1.78,Low Water
Saturday,29-02-2020,09:27,8.48,High Water
Saturday,29-02-2020,15:15,1.89,Low Water
Saturday,29-02-2020,21:38,8.24,High Water
Sunday,01-03-2020,03:23,2.1,Low Water
Sunday,01-03-2020,09:57,8.1,High Water
Sunday,01-03-2020,15:45,2.26,Low Water
Sunday,01-03-2020,22:11,7.85,High Water
Monday,02-03-2020,03:58,2.51,Low Water
Monday,02-03-2020,10:36,7.65,High Water
Monday,02-03-2020,16:26,2.73,Low Water
Monday,02-03-2020,22:57,7.4,High Water
Tuesday,03-03-2020,04:50,3.01,Low Water
Tuesday,03-03-2020,11:36,7.2,High Water
Tuesday,03-03-2020,17:33,3.21,Low Water
Wednesday,04-03-2020,00:07,7.02,High Water
Wednesday,04-03-2020,06:21,3.38,Low Water
Wednesday,04-03-2020,13:00,6.97,High Water
Wednesday,04-03-2020,19:22,3.35,Low Water
Thursday,05-03-2020,01:38,7.01,High Water
Thursday,05-03-2020,08:11,3.19,Low Water
Thursday,05-03-2020,14:33,7.23,High Water
Thursday,05-03-2020,20:51,2.92,Low Water
Friday,06-03-2020,03:09,7.52,High Water
Friday,06-03-2020,09:28,2.56,Low Water
Friday,06-03-2020,15:48,7.89,High Water
Friday,06-03-2020,21:56,2.23,Low Water
Saturday,07-03-2020,04:15,8.29,High Water
Saturday,07-03-2020,10:28,1.82,Low Water
Saturday,07-03-2020,16:45,8.62,High Water
Saturday,07-03-2020,22:51,1.53,Low Water
Sunday,08-03-2020,05:07,9.03,High Water
Sunday,08-03-2020,11:20,1.15,Low Water
Sunday,08-03-2020,17:35,9.26,High Water
Sunday,08-03-2020,23:40,0.92,Low Water
Monday,09-03-2020,05:55,9.64,High Water
Monday,09-03-2020,12:09,0.63,Low Water
Monday,09-03-2020,18:22,9.75,High Water
Tuesday,10-03-2020,00:27,0.47,Low Water
Tuesday,10-03-2020,06:42,10.09,High Water
Tuesday,10-03-2020,12:55,0.28,Low Water
Tuesday,10-03-2020,19:07,10.06,High Water
Wednesday,11-03-2020,01:13,0.19,Low Water
Wednesday,11-03-2020,07:27,10.34,High Water
Wednesday,11-03-2020,13:39,0.13,Low Water
Wednesday,11-03-2020,19:51,10.19,High Water
Thursday,12-03-2020,01:56,0.12,Low Water
Thursday,12-03-2020,08:10,10.37,High Water
Thursday,12-03-2020,14:21,0.2,Low Water
Thursday,12-03-2020,20:33,10.1,High Water
Friday,13-03-2020,02:36,0.27,Low Water
Friday,13-03-2020,08:53,10.15,High Water
Friday,13-03-2020,15:00,0.52,Low Water
Friday,13-03-2020,21:14,9.76,High Water
Saturday,14-03-2020,03:15,0.66,Low Water
Saturday,14-03-2020,09:34,9.67,High Water
Saturday,14-03-2020,15:37,1.06,Low Water
Saturday,14-03-2020,21:54,9.2,High Water
Sunday,15-03-2020,03:54,1.27,Low Water
Sunday,15-03-2020,10:17,8.96,High Water
Sunday,15-03-2020,16:16,1.79,Low Water
Sunday,15-03-2020,22:39,8.46,High Water
Monday,16-03-2020,04:39,2.03,Low Water
Monday,16-03-2020,11:05,8.11,High Water
Monday,16-03-2020,17:06,2.59,Low Water
Monday,16-03-2020,23:32,7.66,High Water
Tuesday,17-03-2020,05:40,2.79,Low Water
Tuesday,17-03-2020,12:06,7.3,High Water
Tuesday,17-03-2020,18:18,3.27,Low Water
Wednesday,18-03-2020,00:47,7.05,High Water
Wednesday,18-03-2020,07:06,3.28,Low Water
Wednesday,18-03-2020,13:33,6.85,High Water
Wednesday,18-03-2020,20:00,3.48,Low Water
Thursday,19-03-2020,02:24,6.99,High Water
Thursday,19-03-2020,08:49,3.18,Low Water
Thursday,19-03-2020,15:09,7.03,High Water
Thursday,19-03-2020,21:36,3.07,Low Water
Friday,20-03-2020,03:46,7.49,High Water
Friday,20-03-2020,10:04,2.63,Low Water
Friday,20-03-2020,16:18,7.6,High Water
Friday,20-03-2020,22:32,2.44,Low Water
Saturday,21-03-2020,04:40,8.12,High Water
Saturday,21-03-2020,10:51,2.05,Low Water
Saturday,21-03-2020,17:03,8.18,High Water
Saturday,21-03-2020,23:12,1.88,Low Water
Sunday,22-03-2020,05:21,8.65,High Water
Sunday,22-03-2020,11:29,1.57,Low Water
Sunday,22-03-2020,17:40,8.63,High Water
Sunday,22-03-2020,23:45,1.45,Low Water
Monday,23-03-2020,05:58,9.03,High Water
Monday,23-03-2020,12:02,1.24,Low Water
Monday,23-03-2020,18:13,8.93,High Water
Tuesday,24-03-2020,00:16,1.18,Low Water
Tuesday,24-03-2020,06:33,9.23,High Water
Tuesday,24-03-2020,12:33,1.05,Low Water
Tuesday,24-03-2020,18:45,9.1,High Water
Wednesday,25-03-2020,00:48,1.05,Low Water
Wednesday,25-03-2020,07:05,9.29,High Water
Wednesday,25-03-2020,13:05,1.01,Low Water
Wednesday,25-03-2020,19:16,9.15,High Water
Thursday,26-03-2020,01:18,1.07,Low Water
Thursday,26-03-2020,07:36,9.24,High Water
Thursday,26-03-2020,13:33,1.08,Low Water
Thursday,26-03-2020,19:45,9.1,High Water
Friday,27-03-2020,01:45,1.19,Low Water
Friday,27-03-2020,08:04,9.1,High Water
Friday,27-03-2020,13:57,1.23,Low Water
Friday,27-03-2020,20:13,8.97,High Water
Saturday,28-03-2020,02:06,1.38,Low Water
Saturday,28-03-2020,08:31,8.9,High Water
Saturday,28-03-2020,14:19,1.44,Low Water
Saturday,28-03-2020,20:39,8.76,High Water
Sunday,29-03-2020,03:28,1.59,Low Water
Sunday,29-03-2020,09:57,8.62,High Water
Sunday,29-03-2020,15:42,1.69,Low Water
Sunday,29-03-2020,22:06,8.47,High Water
Monday,30-03-2020,03:54,1.87,Low Water
Monday,30-03-2020,10:24,8.26,High Water
Monday,30-03-2020,16:10,2.04,Low Water
Monday,30-03-2020,22:36,8.09,High Water
Tuesday,31-03-2020,04:27,2.26,Low Water
Tuesday,31-03-2020,11:00,7.8,High Water
Tuesday,31-03-2020,16:48,2.52,Low Water
Tuesday,31-03-2020,23:21,7.61,High Water
Wednesday,01-04-2020,05:16,2.77,Low Water
Wednesday,01-04-2020,12:00,7.28,High Water
Wednesday,01-04-2020,17:52,3.08,Low Water
Thursday,02-04-2020,00:33,7.15,High Water
Thursday,02-04-2020,06:48,3.22,Low Water
Thursday,02-04-2020,13:30,6.97,High Water
Thursday,02-04-2020,19:50,3.31,Low Water
Friday,03-04-2020,02:08,7.06,High Water
Friday,03-04-2020,08:41,3.08,Low Water
Friday,03-04-2020,15:06,7.2,High Water
Friday,03-04-2020,21:24,2.88,Low Water
Saturday,04-04-2020,03:40,7.56,High Water
Saturday,04-04-2020,10:03,2.44,Low Water
Saturday,04-04-2020,16:24,7.9,High Water
Saturday,04-04-2020,22:31,2.15,Low Water
Sunday,05-04-2020,04:48,8.35,High Water
Sunday,05-04-2020,11:05,1.67,Low Water
Sunday,05-04-2020,17:21,8.69,High Water
Sunday,05-04-2020,23:27,1.4,Low Water
Monday,06-04-2020,05:42,9.12,High Water
Monday,06-04-2020,11:58,0.99,Low Water
Monday,06-04-2020,18:12,9.37,High Water
Tuesday,07-04-2020,00:17,0.79,Low Water
Tuesday,07-04-2020,06:32,9.74,High Water
Tuesday,07-04-2020,12:47,0.48,Low Water
Tuesday,07-04-2020,18:59,9.86,High Water
Wednesday,08-04-2020,01:05,0.36,Low Water
Wednesday,08-04-2020,07:19,10.15,High Water
Wednesday,08-04-2020,13:33,0.18,Low Water
Wednesday,08-04-2020,19:45,10.15,High Water
Thursday,09-04-2020,01:51,0.13,Low Water
Thursday,09-04-2020,08:05,10.35,High Water
Thursday,09-04-2020,14:18,0.1,Low Water
Thursday,09-04-2020,20:28,10.23,High Water
Friday,10-04-2020,02:34,0.11,Low Water
Friday,10-04-2020,08:48,10.31,High Water
Friday,10-04-2020,14:58,0.25,Low Water
Friday,10-04-2020,21:09,10.09,High Water
Saturday,11-04-2020,03:15,0.31,Low Water
Saturday,11-04-2020,09:30,10.03,High Water
Saturday,11-04-2020,15:36,0.62,Low Water
Saturday,11-04-2020,21:49,9.72,High Water
Sunday,12-04-2020,03:53,0.74,Low Water
Sunday,12-04-2020,10:11,9.51,High Water
Sunday,12-04-2020,16:12,1.19,Low Water
Sunday,12-04-2020,22:30,9.15,High Water
Monday,13-04-2020,04:32,1.35,Low Water
Monday,13-04-2020,10:52,8.78,High Water
Monday,13-04-2020,16:48,1.9,Low Water
Monday,13-04-2020,23:13,8.42,High Water
Tuesday,14-04-2020,05:15,2.08,Low Water
Tuesday,14-04-2020,11:38,7.95,High Water
Tuesday,14-04-2020,17:36,2.67,Low Water
Wednesday,15-04-2020,00:06,7.65,High Water
Wednesday,15-04-2020,06:13,2.8,Low Water
Wednesday,15-04-2020,12:38,7.18,High Water
Wednesday,15-04-2020,18:45,3.32,Low Water
Thursday,16-04-2020,01:18,7.06,High Water
Thursday,16-04-2020,07:33,3.28,Low Water
Thursday,16-04-2020,14:00,6.73,High Water
Thursday,16-04-2020,20:21,3.55,Low Water
Friday,17-04-2020,02:48,6.95,High Water
Friday,17-04-2020,09:11,3.24,Low Water
Friday,17-04-2020,15:33,6.87,High Water
Friday,17-04-2020,21:57,3.2,Low Water
Saturday,18-04-2020,04:09,7.36,High Water
Saturday,18-04-2020,10:27,2.76,Low Water
Saturday,18-04-2020,16:44,7.41,High Water
Saturday,18-04-2020,22:55,2.61,Low Water
Sunday,19-04-2020,05:06,7.95,High Water
Sunday,19-04-2020,11:16,2.2,Low Water
Sunday,19-04-2020,17:30,8,High Water
Sunday,19-04-2020,23:36,2.05,Low Water
Monday,20-04-2020,05:48,8.46,High Water
Monday,20-04-2020,11:54,1.73,Low Water
Monday,20-04-2020,18:08,8.49,High Water
Tuesday,21-04-2020,00:10,1.61,Low Water
Tuesday,21-04-2020,06:27,8.84,High Water
Tuesday,21-04-2020,12:29,1.39,Low Water
Tuesday,21-04-2020,18:42,8.84,High Water
Wednesday,22-04-2020,00:44,1.33,Low Water
Wednesday,22-04-2020,07:02,9.06,High Water
Wednesday,22-04-2020,13:02,1.19,Low Water
Wednesday,22-04-2020,19:15,9.05,High Water
Thursday,23-04-2020,01:17,1.2,Low Water
Thursday,23-04-2020,07:36,9.15,High Water
Thursday,23-04-2020,13:34,1.13,Low Water
Thursday,23-04-2020,19:46,9.13,High Water
Friday,24-04-2020,01:48,1.19,Low Water
Friday,24-04-2020,08:07,9.14,High Water
Friday,24-04-2020,14:03,1.17,Low Water
Friday,24-04-2020,20:17,9.12,High Water
Saturday,25-04-2020,02:16,1.28,Low Water
Saturday,25-04-2020,08:37,9.05,High Water
Saturday,25-04-2020,14:30,1.28,Low Water
Saturday,25-04-2020,20:46,9.03,High Water
Sunday,26-04-2020,02:41,1.41,Low Water
Sunday,26-04-2020,09:06,8.89,High Water
Sunday,26-04-2020,14:54,1.44,Low Water
Sunday,26-04-2020,21:15,8.85,High Water
Monday,27-04-2020,03:07,1.58,Low Water
Monday,27-04-2020,09:35,8.65,High Water
Monday,27-04-2020,15:21,1.67,Low Water
Monday,27-04-2020,21:43,8.59,High Water
Tuesday,28-04-2020,03:36,1.82,Low Water
Tuesday,28-04-2020,10:06,8.33,High Water
Tuesday,28-04-2020,15:51,1.98,Low Water
Tuesday,28-04-2020,22:18,8.24,High Water
Wednesday,29-04-2020,04:14,2.17,Low Water
Wednesday,29-04-2020,10:48,7.9,High Water
Wednesday,29-04-2020,16:33,2.42,Low Water
Wednesday,29-04-2020,23:07,7.8,High Water
Thursday,30-04-2020,05:09,2.61,Low Water
Thursday,30-04-2020,11:49,7.44,High Water
Thursday,30-04-2020,17:41,2.91,Low Water
Friday,01-05-2020,00:19,7.41,High Water
Friday,01-05-2020,06:39,2.93,Low Water
Friday,01-05-2020,13:12,7.19,High Water
Friday,01-05-2020,19:28,3.08,Low Water
Saturday,02-05-2020,01:48,7.36,High Water
Saturday,02-05-2020,08:15,2.79,Low Water
Saturday,02-05-2020,14:41,7.4,High Water
Saturday,02-05-2020,20:55,2.71,Low Water
Sunday,03-05-2020,03:12,7.79,High Water
Sunday,03-05-2020,09:33,2.26,Low Water
Sunday,03-05-2020,15:56,8.01,High Water
Sunday,03-05-2020,22:03,2.07,Low Water
Monday,04-05-2020,04:19,8.47,High Water
Monday,04-05-2020,10:36,1.61,Low Water
Monday,04-05-2020,16:55,8.72,High Water
Monday,04-05-2020,23:00,1.41,Low Water
Tuesday,05-05-2020,05:15,9.12,High Water
Tuesday,05-05-2020,11:31,1.04,Low Water
Tuesday,05-05-2020,17:47,9.32,High Water
Tuesday,05-05-2020,23:51,0.89,Low Water
Wednesday,06-05-2020,06:06,9.63,High Water
Wednesday,06-05-2020,12:21,0.64,Low Water
Wednesday,06-05-2020,18:34,9.75,High Water
Thursday,07-05-2020,00:39,0.55,Low Water
Thursday,07-05-2020,06:55,9.93,High Water
Thursday,07-05-2020,13:09,0.43,Low Water
Thursday,07-05-2020,19:20,9.97,High Water
Friday,08-05-2020,01:26,0.4,Low Water
Friday,08-05-2020,07:42,10.04,High Water
Friday,08-05-2020,13:54,0.42,Low Water
Friday,08-05-2020,20:04,10.01,High Water
Saturday,09-05-2020,02:10,0.43,Low Water
Saturday,09-05-2020,08:27,9.95,High Water
Saturday,09-05-2020,14:35,0.59,Low Water
Saturday,09-05-2020,20:46,9.85,High Water
Sunday,10-05-2020,02:53,0.64,Low Water
Sunday,10-05-2020,09:09,9.66,High Water
Sunday,10-05-2020,15:13,0.94,Low Water
Sunday,10-05-2020,21:27,9.51,High Water
Monday,11-05-2020,03:33,1.02,Low Water
Monday,11-05-2020,09:51,9.19,High Water
Monday,11-05-2020,15:49,1.43,Low Water
Monday,11-05-2020,22:09,9.02,High Water
Tuesday,12-05-2020,04:13,1.53,Low Water
Tuesday,12-05-2020,10:33,8.58,High Water
Tuesday,12-05-2020,16:27,2.01,Low Water
Tuesday,12-05-2020,22:54,8.42,High Water
Wednesday,13-05-2020,04:57,2.1,Low Water
Wednesday,13-05-2020,11:18,7.91,High Water
Wednesday,13-05-2020,17:12,2.61,Low Water
Wednesday,13-05-2020,23:45,7.8,High Water
Thursday,14-05-2020,05:51,2.66,Low Water
Thursday,14-05-2020,12:12,7.3,High Water
Thursday,14-05-2020,18:12,3.13,Low Water
Friday,15-05-2020,00:48,7.32,High Water
Friday,15-05-2020,06:58,3.05,Low Water
Friday,15-05-2020,13:21,6.9,High Water
Friday,15-05-2020,19:32,3.39,Low Water
Saturday,16-05-2020,02:04,7.14,High Water
Saturday,16-05-2020,08:16,3.12,Low Water
Saturday,16-05-2020,14:41,6.89,High Water
Saturday,16-05-2020,20:56,3.25,Low Water
Sunday,17-05-2020,03:18,7.33,High Water
Sunday,17-05-2020,09:30,2.87,Low Water
Sunday,17-05-2020,15:51,7.25,High Water
Sunday,17-05-2020,22:01,2.82,Low Water
Monday,18-05-2020,04:18,7.73,High Water
Monday,18-05-2020,10:26,2.45,Low Water
Monday,18-05-2020,16:45,7.76,High Water
Monday,18-05-2020,22:49,2.35,Low Water
Tuesday,19-05-2020,05:06,8.16,High Water
Tuesday,19-05-2020,11:10,2.05,Low Water
Tuesday,19-05-2020,17:28,8.23,High Water
Tuesday,19-05-2020,23:30,1.95,Low Water
Wednesday,20-05-2020,05:49,8.51,High Water
Wednesday,20-05-2020,11:50,1.72,Low Water
Wednesday,20-05-2020,18:07,8.61,High Water
Thursday,21-05-2020,00:08,1.66,Low Water
Thursday,21-05-2020,06:28,8.75,High Water
Thursday,21-05-2020,12:27,1.5,Low Water
Thursday,21-05-2020,18:43,8.86,High Water
Friday,22-05-2020,00:44,1.5,Low Water
Friday,22-05-2020,07:05,8.89,High Water
Friday,22-05-2020,13:01,1.39,Low Water
Friday,22-05-2020,19:18,9.01,High Water
Saturday,23-05-2020,01:18,1.43,Low Water
Saturday,23-05-2020,07:39,8.95,High Water
Saturday,23-05-2020,13:34,1.35,Low Water
Saturday,23-05-2020,19:51,9.07,High Water
Sunday,24-05-2020,01:50,1.44,Low Water
Sunday,24-05-2020,08:13,8.94,High Water
Sunday,24-05-2020,14:06,1.39,Low Water
Sunday,24-05-2020,20:24,9.03,High Water
Monday,25-05-2020,02:21,1.49,Low Water
Monday,25-05-2020,08:48,8.85,High Water
Monday,25-05-2020,14:38,1.49,Low Water
Monday,25-05-2020,20:57,8.92,High Water
Tuesday,26-05-2020,02:55,1.6,Low Water
Tuesday,26-05-2020,09:22,8.69,High Water
Tuesday,26-05-2020,15:10,1.66,Low Water
Tuesday,26-05-2020,21:32,8.72,High Water
Wednesday,27-05-2020,03:32,1.77,Low Water
Wednesday,27-05-2020,10:00,8.44,High Water
Wednesday,27-05-2020,15:48,1.91,Low Water
Wednesday,27-05-2020,22:13,8.44,High Water
Thursday,28-05-2020,04:16,2.02,Low Water
Thursday,28-05-2020,10:47,8.12,High Water
Thursday,28-05-2020,16:34,2.24,Low Water
Thursday,28-05-2020,23:06,8.11,High Water
Friday,29-05-2020,05:14,2.31,Low Water
Friday,29-05-2020,11:45,7.8,High Water
Friday,29-05-2020,17:41,2.57,Low Water
Saturday,30-05-2020,00:12,7.85,High Water
Saturday,30-05-2020,06:28,2.49,Low Water
Saturday,30-05-2020,12:56,7.61,High Water
Saturday,30-05-2020,19:04,2.7,Low Water
Sunday,31-05-2020,01:27,7.81,High Water
Sunday,31-05-2020,07:45,2.44,Low Water
Sunday,31-05-2020,14:12,7.71,High Water
Sunday,31-05-2020,20:23,2.51,Low Water
Monday,01-06-2020,02:41,8.05,High Water
Monday,01-06-2020,08:59,2.16,Low Water
Monday,01-06-2020,15:23,8.08,High Water
Monday,01-06-2020,21:31,2.09,Low Water
Tuesday,02-06-2020,03:48,8.47,High Water
Tuesday,02-06-2020,10:05,1.76,Low Water
Tuesday,02-06-2020,16:25,8.58,High Water
Tuesday,02-06-2020,22:30,1.63,Low Water
Wednesday,03-06-2020,04:46,8.91,High Water
Wednesday,03-06-2020,11:03,1.37,Low Water
Wednesday,03-06-2020,17:21,9.05,High Water
Wednesday,03-06-2020,23:24,1.24,Low Water
Thursday,04-06-2020,05:41,9.26,High Water
Thursday,04-06-2020,11:56,1.08,Low Water
Thursday,04-06-2020,18:11,9.39,High Water
Friday,05-06-2020,00:15,0.98,Low Water
Friday,05-06-2020,06:33,9.46,High Water
Friday,05-06-2020,12:46,0.93,Low Water
Friday,05-06-2020,18:59,9.59,High Water
Saturday,06-06-2020,01:04,0.86,Low Water
Saturday,06-06-2020,07:21,9.53,High Water
Saturday,06-06-2020,13:32,0.91,Low Water
Saturday,06-06-2020,19:44,9.63,High Water
Sunday,07-06-2020,01:50,0.88,Low Water
Sunday,07-06-2020,08:08,9.45,High Water
Sunday,07-06-2020,14:15,1.02,Low Water
Sunday,07-06-2020,20:27,9.53,High Water
Monday,08-06-2020,02:34,1.02,Low Water
Monday,08-06-2020,08:52,9.24,High Water
Monday,08-06-2020,14:54,1.25,Low Water
Monday,08-06-2020,21:10,9.3,High Water
Tuesday,09-06-2020,03:16,1.27,Low Water
Tuesday,09-06-2020,09:34,8.91,High Water
Tuesday,09-06-2020,15:31,1.57,Low Water
Tuesday,09-06-2020,21:52,8.95,High Water
Wednesday,10-06-2020,03:57,1.61,Low Water
Wednesday,10-06-2020,10:15,8.5,High Water
Wednesday,10-06-2020,16:08,1.96,Low Water
Wednesday,10-06-2020,22:36,8.53,High Water
Thursday,11-06-2020,04:38,1.99,Low Water
Thursday,11-06-2020,10:57,8.05,High Water
Thursday,11-06-2020,16:48,2.38,Low Water
Thursday,11-06-2020,23:22,8.09,High Water
Friday,12-06-2020,05:24,2.37,Low Water
Friday,12-06-2020,11:43,7.61,High Water
Friday,12-06-2020,17:36,2.77,Low Water
Saturday,13-06-2020,00:14,7.69,High Water
Saturday,13-06-2020,06:16,2.71,Low Water
Saturday,13-06-2020,12:35,7.26,High Water
Saturday,13-06-2020,18:36,3.08,Low Water
Sunday,14-06-2020,01:13,7.41,High Water
Sunday,14-06-2020,07:16,2.91,Low Water
Sunday,14-06-2020,13:38,7.07,High Water
Sunday,14-06-2020,19:47,3.19,Low Water
Monday,15-06-2020,02:18,7.34,High Water
Monday,15-06-2020,08:21,2.93,Low Water
Monday,15-06-2020,14:47,7.14,High Water
Monday,15-06-2020,20:57,3.06,Low Water
Tuesday,16-06-2020,03:22,7.48,High Water
Tuesday,16-06-2020,09:24,2.76,Low Water
Tuesday,16-06-2020,15:51,7.43,High Water
Tuesday,16-06-2020,21:57,2.76,Low Water
Wednesday,17-06-2020,04:19,7.76,High Water
Wednesday,17-06-2020,10:19,2.48,Low Water
Wednesday,17-06-2020,16:45,7.84,High Water
Wednesday,17-06-2020,22:48,2.41,Low Water
Thursday,18-06-2020,05:09,8.08,High Water
Thursday,18-06-2020,11:07,2.17,Low Water
Thursday,18-06-2020,17:31,8.24,High Water
Thursday,18-06-2020,23:31,2.09,Low Water
Friday,19-06-2020,05:53,8.37,High Water
Friday,19-06-2020,11:51,1.89,Low Water
Friday,19-06-2020,18:12,8.59,High Water
Saturday,20-06-2020,00:12,1.83,Low Water
Saturday,20-06-2020,06:35,8.61,High Water
Saturday,20-06-2020,12:31,1.67,Low Water
Saturday,20-06-2020,18:51,8.84,High Water
Sunday,21-06-2020,00:51,1.65,Low Water
Sunday,21-06-2020,07:15,8.78,High Water
Sunday,21-06-2020,13:10,1.52,Low Water
Sunday,21-06-2020,19:29,9.01,High Water
Monday,22-06-2020,01:29,1.53,Low Water
Monday,22-06-2020,07:54,8.88,High Water
Monday,22-06-2020,13:48,1.43,Low Water
Monday,22-06-2020,20:06,9.09,High Water
Tuesday,23-06-2020,02:07,1.46,Low Water
Tuesday,23-06-2020,08:33,8.91,High Water
Tuesday,23-06-2020,14:27,1.42,Low Water
Tuesday,23-06-2020,20:45,9.09,High Water
Wednesday,24-06-2020,02:48,1.46,Low Water
Wednesday,24-06-2020,09:14,8.87,High Water
Wednesday,24-06-2020,15:06,1.47,Low Water
Wednesday,24-06-2020,21:26,9,High Water
Thursday,25-06-2020,03:30,1.52,Low Water
Thursday,25-06-2020,09:57,8.75,High Water
Thursday,25-06-2020,15:48,1.61,Low Water
Thursday,25-06-2020,22:11,8.84,High Water
Friday,26-06-2020,04:16,1.64,Low Water
Friday,26-06-2020,10:43,8.56,High Water
Friday,26-06-2020,16:34,1.82,Low Water
Friday,26-06-2020,23:02,8.63,High Water
Saturday,27-06-2020,05:09,1.83,Low Water
Saturday,27-06-2020,11:36,8.32,High Water
Saturday,27-06-2020,17:30,2.07,Low Water
Saturday,27-06-2020,23:59,8.4,High Water
Sunday,28-06-2020,06:08,2.03,Low Water
Sunday,28-06-2020,12:33,8.1,High Water
Sunday,28-06-2020,18:35,2.29,Low Water
Monday,29-06-2020,01:02,8.23,High Water
Monday,29-06-2020,07:13,2.19,Low Water
Monday,29-06-2020,13:38,7.96,High Water
Monday,29-06-2020,19:46,2.39,Low Water
Tuesday,30-06-2020,02:08,8.17,High Water
Tuesday,30-06-2020,08:23,2.23,Low Water
Tuesday,30-06-2020,14:47,8.01,High Water
Tuesday,30-06-2020,20:57,2.29,Low Water
Wednesday,01-07-2020,03:15,8.26,High Water
Wednesday,01-07-2020,09:33,2.13,Low Water
Wednesday,01-07-2020,15:55,8.23,High Water
Wednesday,01-07-2020,22:04,2.06,Low Water
Thursday,02-07-2020,04:20,8.46,High Water
Thursday,02-07-2020,10:38,1.91,Low Water
Thursday,02-07-2020,16:58,8.57,High Water
Thursday,02-07-2020,23:04,1.76,Low Water
Friday,03-07-2020,05:21,8.7,High Water
Friday,03-07-2020,11:37,1.66,Low Water
Friday,03-07-2020,17:54,8.91,High Water
Friday,03-07-2020,23:59,1.5,Low Water
Saturday,04-07-2020,06:16,8.9,High Water
Saturday,04-07-2020,12:30,1.45,Low Water
Saturday,04-07-2020,18:43,9.16,High Water
Sunday,05-07-2020,00:49,1.31,Low Water
Sunday,05-07-2020,07:07,9.02,High Water
Sunday,05-07-2020,13:17,1.33,Low Water
Sunday,05-07-2020,19:30,9.3,High Water
Monday,06-07-2020,01:36,1.23,Low Water
Monday,06-07-2020,07:54,9.05,High Water
Monday,06-07-2020,13:59,1.31,Low Water
Monday,06-07-2020,20:12,9.31,High Water
Tuesday,07-07-2020,02:19,1.24,Low Water
Tuesday,07-07-2020,08:36,8.97,High Water
Tuesday,07-07-2020,14:37,1.38,Low Water
Tuesday,07-07-2020,20:54,9.21,High Water
Wednesday,08-07-2020,03:00,1.34,Low Water
Wednesday,08-07-2020,09:17,8.81,High Water
Wednesday,08-07-2020,15:13,1.53,Low Water
Wednesday,08-07-2020,21:35,9.02,High Water
Thursday,09-07-2020,03:37,1.52,Low Water
Thursday,09-07-2020,09:55,8.58,High Water
Thursday,09-07-2020,15:48,1.76,Low Water
Thursday,09-07-2020,22:15,8.74,High Water
Friday,10-07-2020,04:14,1.77,Low Water
Friday,10-07-2020,10:32,8.3,High Water
Friday,10-07-2020,16:22,2.04,Low Water
Friday,10-07-2020,22:54,8.4,High Water
Saturday,11-07-2020,04:51,2.06,Low Water
Saturday,11-07-2020,11:09,7.98,High Water
Saturday,11-07-2020,16:59,2.37,Low Water
Saturday,11-07-2020,23:33,8.03,High Water
Sunday,12-07-2020,05:30,2.37,Low Water
Sunday,12-07-2020,11:47,7.66,High Water
Sunday,12-07-2020,17:40,2.72,Low Water
Monday,13-07-2020,00:16,7.68,High Water
Monday,13-07-2020,06:15,2.69,Low Water
Monday,13-07-2020,12:32,7.36,High Water
Monday,13-07-2020,18:33,3.05,Low Water
Tuesday,14-07-2020,01:08,7.38,High Water
Tuesday,14-07-2020,07:11,2.95,Low Water
Tuesday,14-07-2020,13:27,7.15,High Water
Tuesday,14-07-2020,19:43,3.25,Low Water
Wednesday,15-07-2020,02:11,7.23,High Water
Wednesday,15-07-2020,08:17,3.05,Low Water
Wednesday,15-07-2020,14:39,7.12,High Water
Wednesday,15-07-2020,20:58,3.19,Low Water
Thursday,16-07-2020,03:22,7.31,High Water
Thursday,16-07-2020,09:25,2.93,Low Water
Thursday,16-07-2020,15:54,7.38,High Water
Thursday,16-07-2020,22:04,2.9,Low Water
Friday,17-07-2020,04:27,7.61,High Water
Friday,17-07-2020,10:26,2.62,Low Water
Friday,17-07-2020,16:54,7.82,High Water
Friday,17-07-2020,22:58,2.49,Low Water
Saturday,18-07-2020,05:21,8,High Water
Saturday,18-07-2020,11:18,2.24,Low Water
Saturday,18-07-2020,17:44,8.3,High Water
Saturday,18-07-2020,23:45,2.08,Low Water
Sunday,19-07-2020,06:08,8.39,High Water
Sunday,19-07-2020,12:06,1.86,Low Water
Sunday,19-07-2020,18:27,8.72,High Water
Monday,20-07-2020,00:30,1.72,Low Water
Monday,20-07-2020,06:52,8.73,High Water
Monday,20-07-2020,12:50,1.54,Low Water
Monday,20-07-2020,19:09,9.06,High Water
Tuesday,21-07-2020,01:12,1.43,Low Water
Tuesday,21-07-2020,07:36,8.99,High Water
Tuesday,21-07-2020,13:33,1.3,Low Water
Tuesday,21-07-2020,19:51,9.3,High Water
Wednesday,22-07-2020,01:56,1.22,Low Water
Wednesday,22-07-2020,08:19,9.16,High Water
Wednesday,22-07-2020,14:15,1.14,Low Water
Wednesday,22-07-2020,20:33,9.44,High Water
Thursday,23-07-2020,02:39,1.1,Low Water
Thursday,23-07-2020,09:03,9.25,High Water
Thursday,23-07-2020,14:58,1.07,Low Water
Thursday,23-07-2020,21:17,9.48,High Water
Friday,24-07-2020,03:23,1.07,Low Water
Friday,24-07-2020,09:46,9.24,High Water
Friday,24-07-2020,15:40,1.12,Low Water
Friday,24-07-2020,22:02,9.4,High Water
Saturday,25-07-2020,04:07,1.15,Low Water
Saturday,25-07-2020,10:30,9.11,High Water
Saturday,25-07-2020,16:24,1.29,Low Water
Saturday,25-07-2020,22:48,9.19,High Water
Sunday,26-07-2020,04:53,1.37,Low Water
Sunday,26-07-2020,11:17,8.84,High Water
Sunday,26-07-2020,17:11,1.59,Low Water
Sunday,26-07-2020,23:39,8.86,High Water
Monday,27-07-2020,05:42,1.72,Low Water
Monday,27-07-2020,12:07,8.47,High Water
Monday,27-07-2020,18:05,2.01,Low Water
Tuesday,28-07-2020,00:33,8.45,High Water
Tuesday,28-07-2020,06:39,2.14,Low Water
Tuesday,28-07-2020,13:04,8.07,High Water
Tuesday,28-07-2020,19:09,2.42,Low Water
Wednesday,29-07-2020,01:36,8.05,High Water
Wednesday,29-07-2020,07:47,2.52,Low Water
Wednesday,29-07-2020,14:12,7.77,High Water
Wednesday,29-07-2020,20:25,2.66,Low Water
Thursday,30-07-2020,02:47,7.82,High Water
Thursday,30-07-2020,09:05,2.67,Low Water
Thursday,30-07-2020,15:30,7.76,High Water
Thursday,30-07-2020,21:45,2.6,Low Water
Friday,31-07-2020,04:02,7.87,High Water
Friday,31-07-2020,10:24,2.52,Low Water
Friday,31-07-2020,16:44,8.06,High Water
Friday,31-07-2020,22:57,2.28,Low Water
Saturday,01-08-2020,05:11,8.14,High Water
Saturday,01-08-2020,11:30,2.18,Low Water
Saturday,01-08-2020,17:44,8.48,High Water
Saturday,01-08-2020,23:54,1.9,Low Water
Sunday,02-08-2020,06:09,8.46,High Water
Sunday,02-08-2020,12:23,1.82,Low Water
Sunday,02-08-2020,18:34,8.88,High Water
Monday,03-08-2020,00:43,1.56,Low Water
Monday,03-08-2020,06:57,8.73,High Water
Monday,03-08-2020,13:07,1.54,Low Water
Monday,03-08-2020,19:18,9.15,High Water
Tuesday,04-08-2020,01:26,1.34,Low Water
Tuesday,04-08-2020,07:40,8.89,High Water
Tuesday,04-08-2020,13:45,1.37,Low Water
Tuesday,04-08-2020,19:58,9.28,High Water
Wednesday,05-08-2020,02:04,1.24,Low Water
Wednesday,05-08-2020,08:19,8.94,High Water
Wednesday,05-08-2020,14:19,1.32,Low Water
Wednesday,05-08-2020,20:36,9.28,High Water
Thursday,06-08-2020,02:39,1.25,Low Water
Thursday,06-08-2020,08:55,8.9,High Water
Thursday,06-08-2020,14:52,1.37,Low Water
Thursday,06-08-2020,21:13,9.17,High Water
Friday,07-08-2020,03:13,1.35,Low Water
Friday,07-08-2020,09:30,8.77,High Water
Friday,07-08-2020,15:24,1.51,Low Water
Friday,07-08-2020,21:47,8.96,High Water
Saturday,08-08-2020,03:44,1.54,Low Water
Saturday,08-08-2020,10:01,8.58,High Water
Saturday,08-08-2020,15:53,1.74,Low Water
Saturday,08-08-2020,22:19,8.66,High Water
Sunday,09-08-2020,04:13,1.8,Low Water
Sunday,09-08-2020,10:31,8.33,High Water
Sunday,09-08-2020,16:20,2.04,Low Water
Sunday,09-08-2020,22:49,8.31,High Water
Monday,10-08-2020,04:42,2.12,Low Water
Monday,10-08-2020,11:03,8.02,High Water
Monday,10-08-2020,16:49,2.41,Low Water
Monday,10-08-2020,23:23,7.92,High Water
Tuesday,11-08-2020,05:17,2.49,Low Water
Tuesday,11-08-2020,11:39,7.67,High Water
Tuesday,11-08-2020,17:27,2.83,Low Water
Wednesday,12-08-2020,00:05,7.5,High Water
Wednesday,12-08-2020,06:02,2.91,Low Water
Wednesday,12-08-2020,12:25,7.29,High Water
Wednesday,12-08-2020,18:22,3.26,Low Water
Thursday,13-08-2020,01:01,7.14,High Water
Thursday,13-08-2020,07:08,3.26,Low Water
Thursday,13-08-2020,13:28,7.02,High Water
Thursday,13-08-2020,19:50,3.51,Low Water
Friday,14-08-2020,02:16,6.98,High Water
Friday,14-08-2020,08:34,3.32,Low Water
Friday,14-08-2020,14:51,7.04,High Water
Friday,14-08-2020,21:23,3.31,Low Water
Saturday,15-08-2020,03:45,7.21,High Water
Saturday,15-08-2020,09:51,3.01,Low Water
Saturday,15-08-2020,16:19,7.48,High Water
Saturday,15-08-2020,22:32,2.79,Low Water
Sunday,16-08-2020,04:53,7.74,High Water
Sunday,16-08-2020,10:53,2.48,Low Water
Sunday,16-08-2020,17:18,8.12,High Water
Sunday,16-08-2020,23:26,2.18,Low Water
Monday,17-08-2020,05:45,8.32,High Water
Monday,17-08-2020,11:45,1.91,Low Water
Monday,17-08-2020,18:06,8.74,High Water
Tuesday,18-08-2020,00:13,1.62,Low Water
Tuesday,18-08-2020,06:33,8.85,High Water
Tuesday,18-08-2020,12:32,1.42,Low Water
Tuesday,18-08-2020,18:51,9.26,High Water
Wednesday,19-08-2020,00:58,1.17,Low Water
Wednesday,19-08-2020,07:18,9.26,High Water
Wednesday,19-08-2020,13:17,1.02,Low Water
Wednesday,19-08-2020,19:35,9.65,High Water
Thursday,20-08-2020,01:42,0.85,Low Water
Thursday,20-08-2020,08:02,9.56,High Water
Thursday,20-08-2020,14:01,0.75,Low Water
Thursday,20-08-2020,20:18,9.9,High Water
Friday,21-08-2020,02:27,0.66,Low Water
Friday,21-08-2020,08:45,9.72,High Water
Friday,21-08-2020,14:44,0.62,Low Water
Friday,21-08-2020,21:02,9.99,High Water
Saturday,22-08-2020,03:09,0.62,Low Water
Saturday,22-08-2020,09:28,9.74,High Water
Saturday,22-08-2020,15:26,0.66,Low Water
Saturday,22-08-2020,21:45,9.9,High Water
Sunday,23-08-2020,03:51,0.76,Low Water
Sunday,23-08-2020,10:11,9.58,High Water
Sunday,23-08-2020,16:06,0.89,Low Water
Sunday,23-08-2020,22:28,9.61,High Water
Monday,24-08-2020,04:32,1.11,Low Water
Monday,24-08-2020,10:54,9.21,High Water
Monday,24-08-2020,16:49,1.32,Low Water
Monday,24-08-2020,23:14,9.1,High Water
Tuesday,25-08-2020,05:15,1.65,Low Water
Tuesday,25-08-2020,11:39,8.66,High Water
Tuesday,25-08-2020,17:36,1.94,Low Water
Wednesday,26-08-2020,00:04,8.43,High Water
Wednesday,26-08-2020,06:06,2.31,Low Water
Wednesday,26-08-2020,12:33,8.01,High Water
Wednesday,26-08-2020,18:37,2.61,Low Water
Thursday,27-08-2020,01:06,7.74,High Water
Thursday,27-08-2020,07:15,2.94,Low Water
Thursday,27-08-2020,13:42,7.46,High Water
Thursday,27-08-2020,19:58,3.1,Low Water
Friday,28-08-2020,02:25,7.29,High Water
Friday,28-08-2020,08:45,3.24,Low Water
Friday,28-08-2020,15:12,7.31,High Water
Friday,28-08-2020,21:37,3.09,Low Water
Saturday,29-08-2020,03:54,7.34,High Water
Saturday,29-08-2020,10:23,3,Low Water
Saturday,29-08-2020,16:37,7.7,High Water
Saturday,29-08-2020,22:59,2.62,Low Water
Sunday,30-08-2020,05:09,7.78,High Water
Sunday,30-08-2020,11:29,2.47,Low Water
Sunday,30-08-2020,17:39,8.29,High Water
Sunday,30-08-2020,23:54,2.06,Low Water
Monday,31-08-2020,06:03,8.28,High Water
Monday,31-08-2020,12:16,1.95,Low Water
Monday,31-08-2020,18:24,8.81,High Water
Tuesday,01-09-2020,00:36,1.61,Low Water
Tuesday,01-09-2020,06:45,8.68,High Water
Tuesday,01-09-2020,12:54,1.57,Low Water
Tuesday,01-09-2020,19:03,9.16,High Water
Wednesday,02-09-2020,01:12,1.3,Low Water
Wednesday,02-09-2020,07:22,8.93,High Water
Wednesday,02-09-2020,13:26,1.32,Low Water
Wednesday,02-09-2020,19:39,9.36,High Water
Thursday,03-09-2020,01:44,1.15,Low Water
Thursday,03-09-2020,07:57,9.06,High Water
Thursday,03-09-2020,13:57,1.21,Low Water
Thursday,03-09-2020,20:14,9.4,High Water
Friday,04-09-2020,02:15,1.12,Low Water
Friday,04-09-2020,08:29,9.07,High Water
Friday,04-09-2020,14:27,1.22,Low Water
Friday,04-09-2020,20:47,9.31,High Water
Saturday,05-09-2020,02:45,1.2,Low Water
Saturday,05-09-2020,09:00,8.99,High Water
Saturday,05-09-2020,14:57,1.35,Low Water
Saturday,05-09-2020,21:17,9.12,High Water
Sunday,06-09-2020,03:12,1.39,Low Water
Sunday,06-09-2020,09:28,8.84,High Water
Sunday,06-09-2020,15:22,1.58,Low Water
Sunday,06-09-2020,21:44,8.85,High Water
Monday,07-09-2020,03:37,1.65,Low Water
Monday,07-09-2020,09:55,8.61,High Water
Monday,07-09-2020,15:45,1.86,Low Water
Monday,07-09-2020,22:10,8.51,High Water
Tuesday,08-09-2020,04:00,1.96,Low Water
Tuesday,08-09-2020,10:23,8.3,High Water
Tuesday,08-09-2020,16:09,2.21,Low Water
Tuesday,08-09-2020,22:38,8.11,High Water
Wednesday,09-09-2020,04:27,2.34,Low Water
Wednesday,09-09-2020,10:54,7.91,High Water
Wednesday,09-09-2020,16:39,2.64,Low Water
Wednesday,09-09-2020,23:13,7.64,High Water
Thursday,10-09-2020,05:05,2.82,Low Water
Thursday,10-09-2020,11:36,7.46,High Water
Thursday,10-09-2020,17:25,3.16,Low Water
Friday,11-09-2020,00:07,7.13,High Water
Friday,11-09-2020,06:03,3.34,Low Water
Friday,11-09-2020,12:39,7.03,High Water
Friday,11-09-2020,18:48,3.63,Low Water
Saturday,12-09-2020,01:29,6.8,High Water
Saturday,12-09-2020,07:50,3.59,Low Water
Saturday,12-09-2020,14:06,6.91,High Water
Saturday,12-09-2020,20:48,3.54,Low Water
Sunday,13-09-2020,03:10,6.97,High Water
Sunday,13-09-2020,09:24,3.25,Low Water
Sunday,13-09-2020,15:47,7.34,High Water
Sunday,13-09-2020,22:10,2.91,Low Water
Monday,14-09-2020,04:30,7.63,High Water
Monday,14-09-2020,10:31,2.58,Low Water
Monday,14-09-2020,16:54,8.12,High Water
Monday,14-09-2020,23:07,2.14,Low Water
Tuesday,15-09-2020,05:24,8.39,High Water
Tuesday,15-09-2020,11:24,1.86,Low Water
Tuesday,15-09-2020,17:45,8.89,High Water
Tuesday,15-09-2020,23:55,1.43,Low Water
Wednesday,16-09-2020,06:12,9.07,High Water
Wednesday,16-09-2020,12:12,1.24,Low Water
Wednesday,16-09-2020,18:30,9.53,High Water
Thursday,17-09-2020,00:41,0.89,Low Water
Thursday,17-09-2020,06:57,9.58,High Water
Thursday,17-09-2020,12:58,0.77,Low Water
Thursday,17-09-2020,19:15,9.99,High Water
Friday,18-09-2020,01:25,0.52,Low Water
Friday,18-09-2020,07:41,9.93,High Water
Friday,18-09-2020,13:42,0.47,Low Water
Friday,18-09-2020,19:59,10.27,High Water
Saturday,19-09-2020,02:09,0.35,Low Water
Saturday,19-09-2020,08:24,10.1,High Water
Saturday,19-09-2020,14:26,0.35,Low Water
Saturday,19-09-2020,20:42,10.34,High Water
Sunday,20-09-2020,02:51,0.38,Low Water
Sunday,20-09-2020,09:06,10.08,High Water
Sunday,20-09-2020,15:07,0.45,Low Water
Sunday,20-09-2020,21:24,10.17,High Water
Monday,21-09-2020,03:30,0.63,Low Water
Monday,21-09-2020,09:48,9.83,High Water
Monday,21-09-2020,15:47,0.77,Low Water
Monday,21-09-2020,22:06,9.75,High Water
Tuesday,22-09-2020,04:09,1.11,Low Water
Tuesday,22-09-2020,10:29,9.35,High Water
Tuesday,22-09-2020,16:27,1.32,Low Water
Tuesday,22-09-2020,22:49,9.09,High Water
Wednesday,23-09-2020,04:49,1.79,Low Water
Wednesday,23-09-2020,11:13,8.68,High Water
Wednesday,23-09-2020,17:13,2.06,Low Water
Wednesday,23-09-2020,23:38,8.26,High Water
Thursday,24-09-2020,05:39,2.58,Low Water
Thursday,24-09-2020,12:06,7.91,High Water
Thursday,24-09-2020,18:12,2.85,Low Water
Friday,25-09-2020,00:40,7.43,High Water
Friday,25-09-2020,06:48,3.31,Low Water
Friday,25-09-2020,13:19,7.26,High Water
Friday,25-09-2020,19:38,3.41,Low Water
Saturday,26-09-2020,02:07,6.91,High Water
Saturday,26-09-2020,08:30,3.62,Low Water
Saturday,26-09-2020,14:57,7.11,High Water
Saturday,26-09-2020,21:33,3.35,Low Water
Sunday,27-09-2020,03:48,7.05,High Water
Sunday,27-09-2020,10:18,3.25,Low Water
Sunday,27-09-2020,16:27,7.58,High Water
Sunday,27-09-2020,22:53,2.76,Low Water
Monday,28-09-2020,05:01,7.63,High Water
Monday,28-09-2020,11:18,2.61,Low Water
Monday,28-09-2020,17:24,8.24,High Water
Monday,28-09-2020,23:41,2.13,Low Water
Tuesday,29-09-2020,05:48,8.23,High Water
Tuesday,29-09-2020,11:59,2.03,Low Water
Tuesday,29-09-2020,18:06,8.8,High Water
Wednesday,30-09-2020,00:17,1.64,Low Water
Wednesday,30-09-2020,06:25,8.7,High Water
Wednesday,30-09-2020,12:31,1.61,Low Water
Wednesday,30-09-2020,18:42,9.19,High Water
Thursday,01-10-2020,00:48,1.31,Low Water
Thursday,01-10-2020,06:58,9.01,High Water
Thursday,01-10-2020,13:00,1.33,Low Water
Thursday,01-10-2020,19:15,9.4,High Water
Friday,02-10-2020,01:17,1.13,Low Water
Friday,02-10-2020,07:30,9.18,High Water
Friday,02-10-2020,13:30,1.2,Low Water
Friday,02-10-2020,19:48,9.44,High Water
Saturday,03-10-2020,01:47,1.09,Low Water
Saturday,03-10-2020,08:00,9.22,High Water
Saturday,03-10-2020,14:00,1.21,Low Water
Saturday,03-10-2020,20:18,9.36,High Water
Sunday,04-10-2020,02:16,1.18,Low Water
Sunday,04-10-2020,08:30,9.16,High Water
Sunday,04-10-2020,14:29,1.35,Low Water
Sunday,04-10-2020,20:47,9.19,High Water
Monday,05-10-2020,02:42,1.37,Low Water
Monday,05-10-2020,08:57,9.01,High Water
Monday,05-10-2020,14:54,1.57,Low Water
Monday,05-10-2020,21:13,8.94,High Water
Tuesday,06-10-2020,03:06,1.62,Low Water
Tuesday,06-10-2020,09:24,8.79,High Water
Tuesday,06-10-2020,15:15,1.85,Low Water
Tuesday,06-10-2020,21:39,8.62,High Water
Wednesday,07-10-2020,03:27,1.92,Low Water
Wednesday,07-10-2020,09:51,8.48,High Water
Wednesday,07-10-2020,15:39,2.17,Low Water
Wednesday,07-10-2020,22:05,8.22,High Water
Thursday,08-10-2020,03:52,2.28,Low Water
Thursday,08-10-2020,10:19,8.1,High Water
Thursday,08-10-2020,16:09,2.57,Low Water
Thursday,08-10-2020,22:37,7.74,High Water
Friday,09-10-2020,04:27,2.76,Low Water
Friday,09-10-2020,11:00,7.62,High Water
Friday,09-10-2020,16:51,3.09,Low Water
Friday,09-10-2020,23:31,7.2,High Water
Saturday,10-10-2020,05:21,3.33,Low Water
Saturday,10-10-2020,12:06,7.15,High Water
Saturday,10-10-2020,18:15,3.59,Low Water
Sunday,11-10-2020,00:58,6.8,High Water
Sunday,11-10-2020,07:19,3.66,Low Water
Sunday,11-10-2020,13:38,6.99,High Water
Sunday,11-10-2020,20:19,3.52,Low Water
Monday,12-10-2020,02:42,6.97,High Water
Monday,12-10-2020,08:57,3.3,Low Water
Monday,12-10-2020,15:16,7.43,High Water
Monday,12-10-2020,21:44,2.87,Low Water
Tuesday,13-10-2020,04:03,7.67,High Water
Tuesday,13-10-2020,10:06,2.58,Low Water
Tuesday,13-10-2020,16:26,8.23,High Water
Tuesday,13-10-2020,22:44,2.06,Low Water
Wednesday,14-10-2020,05:00,8.5,High Water
Wednesday,14-10-2020,11:00,1.81,Low Water
Wednesday,14-10-2020,17:19,9.04,High Water
Wednesday,14-10-2020,23:33,1.33,Low Water
Thursday,15-10-2020,05:48,9.23,High Water
Thursday,15-10-2020,11:49,1.16,Low Water
Thursday,15-10-2020,18:06,9.69,High Water
Friday,16-10-2020,00:19,0.78,Low Water
Friday,16-10-2020,06:33,9.77,High Water
Friday,16-10-2020,12:36,0.7,Low Water
Friday,16-10-2020,18:52,10.14,High Water
Saturday,17-10-2020,01:04,0.45,Low Water
Saturday,17-10-2020,07:18,10.1,High Water
Saturday,17-10-2020,13:21,0.44,Low Water
Saturday,17-10-2020,19:37,10.37,High Water
Sunday,18-10-2020,01:48,0.33,Low Water
Sunday,18-10-2020,08:01,10.23,High Water
Sunday,18-10-2020,14:05,0.38,Low Water
Sunday,18-10-2020,20:21,10.36,High Water
Monday,19-10-2020,02:30,0.44,Low Water
Monday,19-10-2020,08:43,10.15,High Water
Monday,19-10-2020,14:48,0.54,Low Water
Monday,19-10-2020,21:03,10.12,High Water
Tuesday,20-10-2020,03:10,0.77,Low Water
Tuesday,20-10-2020,09:25,9.85,High Water
Tuesday,20-10-2020,15:29,0.91,Low Water
Tuesday,20-10-2020,21:45,9.63,High Water
Wednesday,21-10-2020,03:48,1.3,Low Water
Wednesday,21-10-2020,10:07,9.33,High Water
Wednesday,21-10-2020,16:10,1.49,Low Water
Wednesday,21-10-2020,22:29,8.93,High Water
Thursday,22-10-2020,04:28,1.99,Low Water
Thursday,22-10-2020,10:52,8.65,High Water
Thursday,22-10-2020,16:57,2.2,Low Water
Thursday,22-10-2020,23:17,8.11,High Water
Friday,23-10-2020,05:17,2.75,Low Water
Friday,23-10-2020,11:47,7.91,High Water
Friday,23-10-2020,17:56,2.93,Low Water
Saturday,24-10-2020,00:19,7.31,High Water
Saturday,24-10-2020,06:26,3.42,Low Water
Saturday,24-10-2020,12:59,7.31,High Water
Saturday,24-10-2020,19:16,3.43,Low Water
Sunday,25-10-2020,01:45,6.84,High Water
Sunday,25-10-2020,07:02,3.7,Low Water
Sunday,25-10-2020,13:30,7.16,High Water
Sunday,25-10-2020,20:03,3.4,Low Water
Monday,26-10-2020,02:21,6.96,High Water
Monday,26-10-2020,08:48,3.38,Low Water
Monday,26-10-2020,14:56,7.55,High Water
Monday,26-10-2020,21:22,2.9,Low Water
Tuesday,27-10-2020,03:33,7.51,High Water
Tuesday,27-10-2020,09:47,2.79,Low Water
Tuesday,27-10-2020,15:53,8.13,High Water
Tuesday,27-10-2020,22:09,2.32,Low Water
Wednesday,28-10-2020,04:18,8.11,High Water
Wednesday,28-10-2020,10:26,2.24,Low Water
Wednesday,28-10-2020,16:36,8.66,High Water
Wednesday,28-10-2020,22:45,1.84,Low Water
Thursday,29-10-2020,04:55,8.6,High Water
Thursday,29-10-2020,10:58,1.81,Low Water
Thursday,29-10-2020,17:12,9.03,High Water
Thursday,29-10-2020,23:16,1.5,Low Water
Friday,30-10-2020,05:28,8.95,High Water
Friday,30-10-2020,11:29,1.52,Low Water
Friday,30-10-2020,17:47,9.25,High Water
Friday,30-10-2020,23:48,1.3,Low Water
Saturday,31-10-2020,06:00,9.16,High Water
Saturday,31-10-2020,12:01,1.38,Low Water
Saturday,31-10-2020,18:20,9.32,High Water
Sunday,01-11-2020,00:18,1.24,Low Water
Sunday,01-11-2020,06:32,9.24,High Water
Sunday,01-11-2020,12:33,1.38,Low Water
Sunday,01-11-2020,18:51,9.27,High Water
Monday,02-11-2020,00:49,1.3,Low Water
Monday,02-11-2020,07:02,9.2,High Water
Monday,02-11-2020,13:03,1.49,Low Water
Monday,02-11-2020,19:21,9.13,High Water
Tuesday,03-11-2020,01:17,1.46,Low Water
Tuesday,03-11-2020,07:31,9.08,High Water
Tuesday,03-11-2020,13:30,1.68,Low Water
Tuesday,03-11-2020,19:50,8.92,High Water
Wednesday,04-11-2020,01:42,1.68,Low Water
Wednesday,04-11-2020,08:00,8.87,High Water
Wednesday,04-11-2020,13:55,1.91,Low Water
Wednesday,04-11-2020,20:18,8.63,High Water
Thursday,05-11-2020,02:06,1.96,Low Water
Thursday,05-11-2020,08:29,8.59,High Water
Thursday,05-11-2020,14:22,2.19,Low Water
Thursday,05-11-2020,20:48,8.28,High Water
Friday,06-11-2020,02:33,2.29,Low Water
Friday,06-11-2020,09:01,8.24,High Water
Friday,06-11-2020,14:55,2.54,Low Water
Friday,06-11-2020,21:24,7.84,High Water
Saturday,07-11-2020,03:10,2.71,Low Water
Saturday,07-11-2020,09:45,7.81,High Water
Saturday,07-11-2020,15:43,2.97,Low Water
Saturday,07-11-2020,22:19,7.37,High Water
Sunday,08-11-2020,04:07,3.19,Low Water
Sunday,08-11-2020,10:51,7.43,High Water
Sunday,08-11-2020,17:07,3.33,Low Water
Sunday,08-11-2020,23:39,7.05,High Water
Monday,09-11-2020,05:54,3.46,Low Water
Monday,09-11-2020,12:16,7.32,High Water
Monday,09-11-2020,18:48,3.26,Low Water
Tuesday,10-11-2020,01:12,7.18,High Water
Tuesday,10-11-2020,07:26,3.17,Low Water
Tuesday,10-11-2020,13:42,7.66,High Water
Tuesday,10-11-2020,20:09,2.75,Low Water
Wednesday,11-11-2020,02:31,7.76,High Water
Wednesday,11-11-2020,08:36,2.56,Low Water
Wednesday,11-11-2020,14:52,8.33,High Water
Wednesday,11-11-2020,21:12,2.07,Low Water
Thursday,12-11-2020,03:31,8.5,High Water
Thursday,12-11-2020,09:32,1.88,Low Water
Thursday,12-11-2020,15:49,9.02,High Water
Thursday,12-11-2020,22:06,1.44,Low Water
Friday,13-11-2020,04:22,9.17,High Water
Friday,13-11-2020,10:23,1.3,Low Water
Friday,13-11-2020,16:40,9.59,High Water
Friday,13-11-2020,22:55,0.96,Low Water
Saturday,14-11-2020,05:09,9.67,High Water
Saturday,14-11-2020,11:12,0.9,Low Water
Saturday,14-11-2020,17:28,9.96,High Water
Saturday,14-11-2020,23:42,0.69,Low Water
Sunday,15-11-2020,05:55,9.97,High Water
Sunday,15-11-2020,11:59,0.69,Low Water
Sunday,15-11-2020,18:15,10.12,High Water
Monday,16-11-2020,00:27,0.61,Low Water
Monday,16-11-2020,06:39,10.08,High Water
Monday,16-11-2020,12:45,0.66,Low Water
Monday,16-11-2020,19:01,10.07,High Water
Tuesday,17-11-2020,01:11,0.73,Low Water
Tuesday,17-11-2020,07:24,9.99,High Water
Tuesday,17-11-2020,13:30,0.81,Low Water
Tuesday,17-11-2020,19:45,9.82,High Water
Wednesday,18-11-2020,01:52,1.03,Low Water
Wednesday,18-11-2020,08:06,9.71,High Water
Wednesday,18-11-2020,14:14,1.14,Low Water
Wednesday,18-11-2020,20:30,9.38,High Water
Thursday,19-11-2020,02:33,1.49,Low Water
Thursday,19-11-2020,08:51,9.27,High Water
Thursday,19-11-2020,14:57,1.61,Low Water
Thursday,19-11-2020,21:14,8.79,High Water
Friday,20-11-2020,03:14,2.05,Low Water
Friday,20-11-2020,09:37,8.71,High Water
Friday,20-11-2020,15:45,2.17,Low Water
Friday,20-11-2020,22:02,8.12,High Water
Saturday,21-11-2020,04:00,2.65,Low Water
Saturday,21-11-2020,10:30,8.12,High Water
Saturday,21-11-2020,16:39,2.73,Low Water
Saturday,21-11-2020,22:57,7.49,High Water
Sunday,22-11-2020,05:00,3.19,Low Water
Sunday,22-11-2020,11:33,7.63,High Water
Sunday,22-11-2020,17:45,3.15,Low Water
Monday,23-11-2020,00:06,7.06,High Water
Monday,23-11-2020,06:15,3.49,Low Water
Monday,23-11-2020,12:46,7.39,High Water
Monday,23-11-2020,19:03,3.28,Low Water
Tuesday,24-11-2020,01:27,6.99,High Water
Tuesday,24-11-2020,07:40,3.42,Low Water
Tuesday,24-11-2020,14:01,7.51,High Water
Tuesday,24-11-2020,20:20,3.07,Low Water
Wednesday,25-11-2020,02:39,7.31,High Water
Wednesday,25-11-2020,08:50,3.05,Low Water
Wednesday,25-11-2020,15:04,7.87,High Water
Wednesday,25-11-2020,21:18,2.67,Low Water
Thursday,26-11-2020,03:35,7.79,High Water
Thursday,26-11-2020,09:39,2.6,Low Water
Thursday,26-11-2020,15:54,8.28,High Water
Thursday,26-11-2020,22:02,2.25,Low Water
Friday,27-11-2020,04:18,8.26,High Water
Friday,27-11-2020,10:19,2.2,Low Water
Friday,27-11-2020,16:37,8.63,High Water
Friday,27-11-2020,22:40,1.91,Low Water
Saturday,28-11-2020,04:57,8.65,High Water
Saturday,28-11-2020,10:57,1.89,Low Water
Saturday,28-11-2020,17:16,8.88,High Water
Saturday,28-11-2020,23:17,1.67,Low Water
Sunday,29-11-2020,05:33,8.93,High Water
Sunday,29-11-2020,11:33,1.71,Low Water
Sunday,29-11-2020,17:53,9.02,High Water
Sunday,29-11-2020,23:51,1.53,Low Water
Monday,30-11-2020,06:06,9.08,High Water
Monday,30-11-2020,12:09,1.64,Low Water
Monday,30-11-2020,18:27,9.05,High Water
Tuesday,01-12-2020,00:25,1.51,Low Water
Tuesday,01-12-2020,06:39,9.12,High Water
Tuesday,01-12-2020,12:42,1.66,Low Water
Tuesday,01-12-2020,19:00,9,High Water
Wednesday,02-12-2020,00:57,1.58,Low Water
Wednesday,02-12-2020,07:12,9.06,High Water
Wednesday,02-12-2020,13:13,1.76,Low Water
Wednesday,02-12-2020,19:33,8.87,High Water
Thursday,03-12-2020,01:27,1.72,Low Water
Thursday,03-12-2020,07:44,8.93,High Water
Thursday,03-12-2020,13:45,1.9,Low Water
Thursday,03-12-2020,20:06,8.68,High Water
Friday,04-12-2020,01:58,1.91,Low Water
Friday,04-12-2020,08:18,8.73,High Water
Friday,04-12-2020,14:18,2.08,Low Water
Friday,04-12-2020,20:42,8.41,High Water
Saturday,05-12-2020,02:31,2.16,Low Water
Saturday,05-12-2020,08:56,8.47,High Water
Saturday,05-12-2020,14:57,2.31,Low Water
Saturday,05-12-2020,21:23,8.1,High Water
Sunday,06-12-2020,03:11,2.45,Low Water
Sunday,06-12-2020,09:42,8.17,High Water
Sunday,06-12-2020,15:47,2.58,Low Water
Sunday,06-12-2020,22:15,7.78,High Water
Monday,07-12-2020,04:07,2.78,Low Water
Monday,07-12-2020,10:42,7.91,High Water
Monday,07-12-2020,16:54,2.8,Low Water
Monday,07-12-2020,23:21,7.54,High Water
Tuesday,08-12-2020,05:26,2.98,Low Water
Tuesday,08-12-2020,11:51,7.8,High Water
Tuesday,08-12-2020,18:12,2.83,Low Water
Wednesday,09-12-2020,00:35,7.53,High Water
Wednesday,09-12-2020,06:46,2.91,Low Water
Wednesday,09-12-2020,13:04,7.94,High Water
Wednesday,09-12-2020,19:27,2.62,Low Water
Thursday,10-12-2020,01:49,7.81,High Water
Thursday,10-12-2020,07:58,2.57,Low Water
Thursday,10-12-2020,14:14,8.29,High Water
Thursday,10-12-2020,20:36,2.23,Low Water
Friday,11-12-2020,02:56,8.3,High Water
Friday,11-12-2020,09:00,2.11,Low Water
Friday,11-12-2020,15:17,8.75,High Water
Friday,11-12-2020,21:36,1.79,Low Water
Saturday,12-12-2020,03:54,8.83,High Water
Saturday,12-12-2020,09:57,1.66,Low Water
Saturday,12-12-2020,16:14,9.16,High Water
Saturday,12-12-2020,22:31,1.41,Low Water
Sunday,13-12-2020,04:47,9.27,High Water
Sunday,13-12-2020,10:50,1.31,Low Water
Sunday,13-12-2020,17:07,9.47,High Water
Sunday,13-12-2020,23:23,1.15,Low Water
Monday,14-12-2020,05:36,9.58,High Water
Monday,14-12-2020,11:41,1.09,Low Water
Monday,14-12-2020,17:58,9.62,High Water
Tuesday,15-12-2020,00:11,1.03,Low Water
Tuesday,15-12-2020,06:24,9.73,High Water
Tuesday,15-12-2020,12:30,1,Low Water
Tuesday,15-12-2020,18:47,9.63,High Water
Wednesday,16-12-2020,00:57,1.05,Low Water
Wednesday,16-12-2020,07:09,9.72,High Water
Wednesday,16-12-2020,13:18,1.05,Low Water
Wednesday,16-12-2020,19:33,9.48,High Water
Thursday,17-12-2020,01:39,1.22,Low Water
Thursday,17-12-2020,07:54,9.57,High Water
Thursday,17-12-2020,14:03,1.24,Low Water
Thursday,17-12-2020,20:18,9.19,High Water
Friday,18-12-2020,02:21,1.5,Low Water
Friday,18-12-2020,08:38,9.28,High Water
Friday,18-12-2020,14:47,1.53,Low Water
Friday,18-12-2020,21:01,8.8,High Water
Saturday,19-12-2020,03:00,1.86,Low Water
Saturday,19-12-2020,09:23,8.91,High Water
Saturday,19-12-2020,15:30,1.89,Low Water
Saturday,19-12-2020,21:45,8.35,High Water
Sunday,20-12-2020,03:42,2.28,Low Water
Sunday,20-12-2020,10:10,8.48,High Water
Sunday,20-12-2020,16:15,2.3,Low Water
Sunday,20-12-2020,22:30,7.88,High Water
Monday,21-12-2020,04:28,2.7,Low Water
Monday,21-12-2020,11:00,8.05,High Water
Monday,21-12-2020,17:04,2.69,Low Water
Monday,21-12-2020,23:20,7.47,High Water
Tuesday,22-12-2020,05:23,3.06,Low Water
Tuesday,22-12-2020,11:55,7.69,High Water
Tuesday,22-12-2020,18:01,2.99,Low Water
Wednesday,23-12-2020,00:19,7.18,High Water
Wednesday,23-12-2020,06:28,3.28,Low Water
Wednesday,23-12-2020,12:57,7.49,High Water
Wednesday,23-12-2020,19:05,3.12,Low Water
Thursday,24-12-2020,01:27,7.12,High Water
Thursday,24-12-2020,07:38,3.27,Low Water
Thursday,24-12-2020,14:03,7.5,High Water
Thursday,24-12-2020,20:12,3.04,Low Water
Friday,25-12-2020,02:36,7.33,High Water
Friday,25-12-2020,08:43,3.05,Low Water
Friday,25-12-2020,15:04,7.71,High Water
Friday,25-12-2020,21:11,2.78,Low Water
Saturday,26-12-2020,03:35,7.71,High Water
Saturday,26-12-2020,09:38,2.71,Low Water
Saturday,26-12-2020,15:59,8.02,High Water
Saturday,26-12-2020,22:02,2.45,Low Water
Sunday,27-12-2020,04:24,8.13,High Water
Sunday,27-12-2020,10:25,2.37,Low Water
Sunday,27-12-2020,16:45,8.34,High Water
Sunday,27-12-2020,22:46,2.13,Low Water
Monday,28-12-2020,05:06,8.51,High Water
Monday,28-12-2020,11:08,2.08,Low Water
Monday,28-12-2020,17:28,8.6,High Water
Monday,28-12-2020,23:27,1.87,Low Water
Tuesday,29-12-2020,05:45,8.79,High Water
Tuesday,29-12-2020,11:47,1.86,Low Water
Tuesday,29-12-2020,18:06,8.79,High Water
Wednesday,30-12-2020,00:05,1.69,Low Water
Wednesday,30-12-2020,06:21,8.97,High Water
Wednesday,30-12-2020,12:24,1.73,Low Water
Wednesday,30-12-2020,18:43,8.89,High Water
Thursday,31-12-2020,00:41,1.59,Low Water
Thursday,31-12-2020,06:57,9.06,High Water
Thursday,31-12-2020,13:00,1.66,Low Water
Thursday,31-12-2020,19:20,8.92,High Water
